date,ticker,side,price,value_inr,pnl_inr,held_days,term
2016-01-04,NCLIND,BUY,135.01,"36,288",,0,
2016-01-04,INTELLECT,BUY,271.94,"29,990",,0,
2016-01-04,COSMOFILMS,BUY,285.65,"33,266",,0,
2016-01-04,RAJESHEXPO,BUY,679.86,"29,680",,0,
2016-01-04,JUBILANT,BUY,421.55,"33,231",,0,
2016-01-04,KWALITY,BUY,137.35,"22,430",,0,
2016-01-04,MOREPENLAB,BUY,40.55,"24,215",,0,
2016-01-04,TATAELXSI,BUY,1001.78,"30,733",,0,
2016-01-04,TANLA,BUY,43.49,"22,288",,0,
2016-01-04,SRIPIPES,BUY,233.05,"20,391",,0,
2016-01-04,NILKAMAL,BUY,1164.85,"21,683",,0,
2016-01-04,TAKE,BUY,164.40,"18,467",,0,
2016-01-04,HIMATSEIDE,BUY,198.75,"21,454",,0,
2016-01-04,CHENNPETRO,BUY,163.15,"20,826",,0,
2016-01-04,DISHMAN,BUY,163.75,"19,958",,0,
2016-01-04,ESSAROIL,BUY,258.45,"25,148",,0,
2016-01-04,KEI,BUY,114.02,"24,069",,0,
2016-01-04,BLISSGVS,BUY,173.86,"19,358",,0,
2016-01-04,LLOYDELENG,BUY,298.95,"19,497",,0,
2016-01-04,KRBL,BUY,208.40,"25,806",,0,
2016-03-10,ESSAROIL,SELL,nan,"19,186","-5,962",66,STCG
2016-07-08,BLISSGVS,SELL,102.70,"11,435","-7,923",186,STCG
2016-07-08,CHENNPETRO,SELL,160.95,"20,545",-280,186,STCG
2016-07-08,COSMOFILMS,SELL,342.45,"15,485","2,568",186,STCG
2016-07-08,DISHMAN,SELL,134.92,"16,444","-3,514",186,STCG
2016-07-08,HIMATSEIDE,SELL,246.04,"5,839","1,122",186,STCG
2016-07-08,INTELLECT,SELL,210.82,"23,250","-6,741",186,STCG
2016-07-08,JUBILANT,SELL,317.60,"25,037","-8,194",186,STCG
2016-07-08,KEI,SELL,123.93,"26,161","2,092",186,STCG
2016-07-08,KRBL,SELL,264.22,"11,218","2,370",186,STCG
2016-07-08,KWALITY,SELL,111.55,"2,049",-474,186,STCG
2016-07-08,LLOYDELENG,SELL,249.80,"16,291","-3,205",186,STCG
2016-07-08,MOREPENLAB,SELL,24.75,"14,780","-9,435",186,STCG
2016-07-08,NCLIND,SELL,119.14,"32,024","-4,264",186,STCG
2016-07-08,NILKAMAL,SELL,1118.54,"7,437",-308,186,STCG
2016-07-08,RAJESHEXPO,SELL,452.74,"19,765","-9,915",186,STCG
2016-07-08,SRIPIPES,SELL,242.55,"21,222",831,186,STCG
2016-07-08,TAKE,SELL,177.80,"19,972","1,505",186,STCG
2016-07-08,TANLA,SELL,34.00,"17,422","-4,866",186,STCG
2016-07-08,TATAELXSI,SELL,784.57,"24,069","-6,664",186,STCG
2016-07-08,BODALCHEM,BUY,103.22,"30,019",,0,
2016-07-08,DALMIASUG,BUY,139.17,"22,108",,0,
2016-07-08,TATAMETALI,BUY,345.21,"22,305",,0,
2016-07-08,DHAMPURSUG,BUY,97.21,"21,697",,0,
2016-07-08,TRIVENI,BUY,59.48,"24,481",,0,
2016-07-08,BALRAMCHIN,BUY,113.15,"30,747",,0,
2016-07-08,RUSHIL,BUY,42.81,"17,399",,0,
2016-07-08,GNFC,BUY,122.06,"28,360",,0,
2016-07-08,MANAPPURAM,BUY,72.99,"27,164",,0,
2016-07-08,PRICOL,BUY,84.10,"23,799",,0,
2016-07-08,KIRIINDUS,BUY,387.21,"14,918",,0,
2016-07-08,GMBREW,BUY,352.22,"18,731",,0,
2016-07-08,MEGH,BUY,44.80,"18,508",,0,
2016-07-08,GHCL,BUY,154.96,"21,644",,0,
2016-07-08,DALMIABHA,BUY,1208.78,"26,041",,0,
2017-01-02,PRICOL,SELL,nan,"19,377","-4,422",178,STCG
2017-01-11,BALRAMCHIN,SELL,126.48,"5,265",555,187,STCG
2017-01-11,BODALCHEM,SELL,130.75,"12,425","2,616",187,STCG
2017-01-11,COSMOFILMS,SELL,357.60,"25,474","5,126",373,LTCG
2017-01-11,DALMIABHA,SELL,1671.52,"16,698","4,622",187,STCG
2017-01-11,DALMIASUG,SELL,143.88,"5,202",170,187,STCG
2017-01-11,DHAMPURSUG,SELL,136.29,"4,182","1,199",187,STCG
2017-01-11,GHCL,SELL,221.51,"3,545","1,065",187,STCG
2017-01-11,GMBREW,SELL,284.44,"15,126","-3,605",187,STCG
2017-01-11,GNFC,SELL,201.12,"16,936","6,657",187,STCG
2017-01-11,HIMATSEIDE,SELL,316.28,"26,637","9,899",373,LTCG
2017-01-11,KRBL,SELL,293.08,"23,848","6,890",373,LTCG
2017-01-11,KWALITY,SELL,139.10,"20,160",254,373,LTCG
2017-01-11,MANAPPURAM,SELL,68.92,"5,873",-347,187,STCG
2017-01-11,MEGH,SELL,43.11,"17,810",-698,187,STCG
2017-01-11,NILKAMAL,SELL,1387.95,"16,608","2,669",373,LTCG
2017-01-11,RUSHIL,SELL,65.01,"26,420","9,021",187,STCG
2017-01-11,TATAMETALI,SELL,342.18,478,-4,187,STCG
2017-01-11,TRIVENI,SELL,69.20,"28,483","4,001",187,STCG
2017-01-11,KIRIINDUS,BUY,317.07,"7,435",,0,
2017-01-11,APTECHT,BUY,112.57,"23,093",,0,
2017-01-11,LAKSHMIEFL,BUY,64.35,"17,983",,0,
2017-01-11,ASTEC,BUY,606.22,"25,835",,0,
2017-01-11,HINDZINC,BUY,125.27,"40,408",,0,
2017-01-11,UPERGANGES,BUY,377.55,"16,506",,0,
2017-01-11,CAIRN,BUY,263.65,"32,625",,0,
2017-01-11,IGL,BUY,82.02,"41,341",,0,
2017-01-11,INDIANB,BUY,210.04,"20,207",,0,
2017-01-11,HINDALCO,BUY,166.06,"30,251",,0,
2017-01-11,BIOCON,BUY,165.35,"33,443",,0,
2017-04-24,UPERGANGES,SELL,nan,"12,385","-4,122",103,STCG
2017-05-25,CAIRN,SELL,nan,"26,483","-6,142",134,STCG
2017-07-17,APTECHT,SELL,121.60,"4,828",358,187,STCG
2017-07-17,ASTEC,SELL,554.71,"23,639","-2,196",187,STCG
2017-07-17,BALRAMCHIN,SELL,140.74,"32,385","6,348",374,LTCG
2017-07-17,BIOCON,SELL,202.33,"40,924","7,481",187,STCG
2017-07-17,BODALCHEM,SELL,177.98,"34,849","14,638",374,LTCG
2017-07-17,DALMIASUG,SELL,135.49,"16,625",-452,374,LTCG
2017-07-17,DHAMPURSUG,SELL,168.03,"32,349","13,635",374,LTCG
2017-07-17,GHCL,SELL,196.85,"24,346","5,182",374,LTCG
2017-07-17,GNFC,SELL,223.01,"33,035","14,954",374,LTCG
2017-07-17,HINDALCO,SELL,198.53,"36,165","5,914",187,STCG
2017-07-17,HINDZINC,SELL,137.52,"44,361","3,953",187,STCG
2017-07-17,IGL,SELL,100.31,"9,304","1,696",187,STCG
2017-07-17,INDIANB,SELL,272.80,"26,244","6,038",187,STCG
2017-07-17,KIRIINDUS,SELL,272.20,"10,487","-4,431",374,LTCG
2017-07-17,KIRIINDUS,SELL,272.20,"6,383","-1,052",187,STCG
2017-07-17,LAKSHMIEFL,SELL,39.40,"11,010","-6,972",187,STCG
2017-07-17,MANAPPURAM,SELL,95.29,"27,345","6,400",374,LTCG
2017-07-17,TATAMETALI,SELL,720.77,"20,296","10,575",374,LTCG
2017-07-17,DALMIABHA,BUY,2748.46,"2,426",,0,
2017-07-17,IBVENTURES,BUY,176.20,"24,862",,0,
2017-07-17,ADANITRANS,BUY,125.60,"27,261",,0,
2017-07-17,VENKEYS,BUY,1946.62,"22,236",,0,
2017-07-17,ESCORTS,BUY,645.13,"42,212",,0,
2017-07-17,RAIN,BUY,126.23,"29,608",,0,
2017-07-17,ITI,BUY,93.20,"17,082",,0,
2017-07-17,CANFINHOME,BUY,601.63,"35,381",,0,
2017-07-17,EDELWEISS,BUY,177.05,"30,024",,0,
2017-07-17,BEPL,BUY,49.76,"19,106",,0,
2017-07-17,VAKRANGEE,BUY,218.07,"47,117",,0,
2017-07-17,BALKRISIND,BUY,778.43,"39,554",,0,
2017-07-17,MEP,BUY,125.50,"17,666",,0,
2017-07-17,PRAKASH,BUY,110.28,"22,888",,0,
2017-07-17,JMFINANCIL,BUY,114.74,"28,755",,0,
2017-07-17,KSL,BUY,371.41,"35,976",,0,
2017-07-17,NOCIL,BUY,105.39,"28,974",,0,
2018-01-16,ADANITRANS,SELL,223.90,"12,011","5,273",183,STCG
2018-01-16,APTECHT,SELL,218.62,"36,167","17,544",370,LTCG
2018-01-16,BALKRISIND,SELL,1075.56,"11,322","3,128",183,STCG
2018-01-16,CANFINHOME,SELL,448.60,"26,381","-8,999",183,STCG
2018-01-16,DALMIABHA,SELL,3123.15,"36,083","22,118",557,LTCG
2018-01-16,DALMIABHA,SELL,3123.15,"2,757",331,183,STCG
2018-01-16,EDELWEISS,SELL,247.60,"41,989","11,965",183,STCG
2018-01-16,ESCORTS,SELL,766.00,"50,121","7,908",183,STCG
2018-01-16,IGL,SELL,139.22,"57,256","23,523",370,LTCG
2018-01-16,ITI,SELL,132.25,"24,239","7,157",183,STCG
2018-01-16,JMFINANCIL,SELL,148.54,"37,225","8,471",183,STCG
2018-01-16,KSL,SELL,326.43,"31,619","-4,357",183,STCG
2018-01-16,MEP,SELL,95.14,"13,392","-4,274",183,STCG
2018-01-16,NOCIL,SELL,182.34,"13,003","5,487",183,STCG
2018-01-16,PRAKASH,SELL,240.26,"18,298","9,899",183,STCG
2018-01-16,RAIN,SELL,410.45,"47,015","32,556",183,STCG
2018-01-16,TATAMETALI,SELL,867.95,"30,428","18,326",557,LTCG
2018-01-16,VAKRANGEE,SELL,428.43,"22,516","11,055",183,STCG
2018-01-16,BEPL,BUY,119.09,"10,748",,0,
2018-01-16,IBVENTURES,BUY,260.10,"19,721",,0,
2018-01-16,VENKEYS,BUY,2472.98,"12,696",,0,
2018-01-16,GOACARBON,BUY,978.66,"58,918",,0,
2018-01-16,GRAPHITE,BUY,633.32,"49,050",,0,
2018-01-16,HEG,BUY,490.90,"48,783",,0,
2018-01-16,BOMDYEING,BUY,257.46,"38,869",,0,
2018-01-16,DBL,BUY,933.40,"52,758",,0,
2018-01-16,GRAVITA,BUY,169.47,"46,719",,0,
2018-01-16,KOLTEPATIL,BUY,358.20,"37,410",,0,
2018-01-16,HSCL,BUY,182.56,"39,651",,0,
2018-01-16,MIRCELECTR,BUY,50.70,"23,442",,0,
2018-01-16,SUNTECK,BUY,384.75,"44,228",,0,
2018-01-16,INDIAGLYCO,BUY,239.33,"26,329",,0,
2018-04-02,ADANITRANS,SELL,193.60,"1,276",448,259,STCG
2018-04-02,BALKRISIND,SELL,1008.23,"1,639",374,259,STCG
2018-04-02,BEPL,SELL,107.12,"2,050","1,097",259,STCG
2018-04-02,BOMDYEING,SELL,238.06,"1,450",-118,76,STCG
2018-04-02,DBL,SELL,1114.25,"2,541",412,76,STCG
2018-04-02,GOACARBON,SELL,918.48,"2,231",-146,76,STCG
2018-04-02,GRAPHITE,SELL,605.87,"1,893",-86,76,STCG
2018-04-02,GRAVITA,SELL,149.84,"1,667",-218,76,STCG
2018-04-02,HEG,SELL,549.29,"2,202",234,76,STCG
2018-04-02,HSCL,SELL,150.05,"1,315",-285,76,STCG
2018-04-02,IBVENTURES,SELL,249.90,"2,187",645,259,STCG
2018-04-02,INDIAGLYCO,SELL,211.22,938,-125,76,STCG
2018-04-02,KOLTEPATIL,SELL,292.71,"1,233",-276,76,STCG
2018-04-02,MIRCELECTR,SELL,50.90,950,4,76,STCG
2018-04-02,NOCIL,SELL,172.74,"1,419",553,259,STCG
2018-04-02,PRAKASH,SELL,171.03,907,322,259,STCG
2018-04-02,RAIN,SELL,375.27,"1,817","1,206",259,STCG
2018-04-02,SUNTECK,SELL,407.31,"1,889",105,76,STCG
2018-04-02,VAKRANGEE,SELL,206.67,"1,364",-75,259,STCG
2018-04-02,VENKEYS,SELL,3849.80,"2,572","1,271",259,STCG
2018-07-19,ADANITRANS,SELL,149.20,"23,396","3,701",367,LTCG
2018-07-19,BALKRISIND,SELL,1076.78,"41,628","11,534",367,LTCG
2018-07-19,BEPL,SELL,74.35,"27,122","8,968",367,LTCG
2018-07-19,BEPL,SELL,74.35,"6,710","-4,038",184,STCG
2018-07-19,BOMDYEING,SELL,209.57,"10,488","-2,397",184,STCG
2018-07-19,DBL,SELL,663.70,"36,000","-14,629",184,STCG
2018-07-19,GOACARBON,SELL,470.49,"27,181","-29,359",184,STCG
2018-07-19,GRAPHITE,SELL,792.70,"20,789","4,180",184,STCG
2018-07-19,GRAVITA,SELL,140.10,"37,063","-7,771",184,STCG
2018-07-19,HEG,SELL,695.39,"34,807","10,236",184,STCG
2018-07-19,HSCL,SELL,117.10,"24,407","-13,644",184,STCG
2018-07-19,IBVENTURES,SELL,498.00,"65,909","42,589",367,LTCG
2018-07-19,IBVENTURES,SELL,498.00,"9,486","4,531",184,STCG
2018-07-19,INDIAGLYCO,SELL,186.25,"3,280",-935,184,STCG
2018-07-19,KOLTEPATIL,SELL,253.74,"25,431","-10,470",184,STCG
2018-07-19,MIRCELECTR,SELL,29.25,"12,978","-9,517",184,STCG
2018-07-19,NOCIL,SELL,144.70,"28,274","7,681",367,LTCG
2018-07-19,PRAKASH,SELL,120.20,"15,156","1,251",367,LTCG
2018-07-19,RAIN,SELL,166.99,"19,231","4,694",367,LTCG
2018-07-19,SUNTECK,SELL,381.88,"8,926",-67,184,STCG
2018-07-19,VAKRANGEE,SELL,42.31,"6,639","-27,580",367,LTCG
2018-07-19,VENKEYS,SELL,1811.51,"19,482","-1,453",367,LTCG
2018-07-19,VENKEYS,SELL,1811.51,"9,300","-3,396",184,STCG
2018-07-19,JUBLFOOD,BUY,277.74,"54,211",,0,
2018-07-19,LTI,BUY,1721.75,"36,281",,0,
2018-07-19,RADICO,BUY,348.65,"27,334",,0,
2018-07-19,KPIT,BUY,293.05,"43,197",,0,
2018-07-19,FSL,BUY,54.22,"30,616",,0,
2018-07-19,VIPIND,BUY,400.84,"35,629",,0,
2018-07-19,BRITANNIA,BUY,2819.15,"54,211",,0,
2018-07-19,MERCK,BUY,2234.90,"22,953",,0,
2018-07-19,MPHASIS,BUY,951.33,"34,137",,0,
2018-07-19,NIITTECH,BUY,1102.90,"28,121",,0,
2018-07-19,TCS,BUY,1751.98,"49,530",,0,
2018-07-19,TATAELXSI,BUY,1277.27,"41,729",,0,
2018-07-19,HEXAWARE,BUY,456.34,"26,237",,0,
2018-07-19,TEAMLEASE,BUY,2684.05,"26,905",,0,
2019-01-24,BOMDYEING,SELL,112.96,"10,712","-13,703",373,LTCG
2019-01-24,BRITANNIA,SELL,2857.38,"15,993",214,189,STCG
2019-01-24,FSL,SELL,38.69,"21,845","-8,771",189,STCG
2019-01-24,GRAPHITE,SELL,511.74,"24,614","-5,848",373,LTCG
2019-01-24,HEG,SELL,520.79,"23,598","1,355",373,LTCG
2019-01-24,HEXAWARE,SELL,310.77,"17,867","-8,370",189,STCG
2019-01-24,IBVENTURES,SELL,361.35,"20,514","5,748",373,LTCG
2019-01-24,INDIAGLYCO,SELL,132.41,"11,647","-9,405",373,LTCG
2019-01-24,JUBLFOOD,SELL,231.81,"26,762","-5,302",189,STCG
2019-01-24,KPIT,SELL,128.95,"19,008","-24,189",189,STCG
2019-01-24,LTI,SELL,1747.00,"9,409",136,189,STCG
2019-01-24,MERCK,SELL,3306.20,"7,584","2,457",189,STCG
2019-01-24,MPHASIS,SELL,776.64,"6,888","-1,549",189,STCG
2019-01-24,NIITTECH,SELL,1300.70,"6,189",941,189,STCG
2019-01-24,RADICO,SELL,419.46,"18,419","3,110",189,STCG
2019-01-24,SUNTECK,SELL,334.25,"29,060","-4,391",373,LTCG
2019-01-24,TATAELXSI,SELL,867.22,"28,333","-13,397",189,STCG
2019-01-24,TCS,SELL,1684.98,"8,188",-326,189,STCG
2019-01-24,TEAMLEASE,SELL,2683.60,"26,900",-5,189,STCG
2019-01-24,VIPIND,SELL,469.22,"24,706","3,600",189,STCG
2019-01-24,LTTS,BUY,1532.95,"26,893",,0,
2019-01-24,ABBOTINDIA,BUY,7750.11,"44,013",,0,
2019-01-24,NESTLEIND,BUY,534.89,"39,901",,0,
2019-01-24,SANOFI,BUY,5278.22,"46,836",,0,
2019-01-24,IPCALAB,BUY,382.41,"36,121",,0,
2019-01-24,UNIVCABLES,BUY,238.93,"14,557",,0,
2019-01-24,TORNTPHARM,BUY,869.32,"33,734",,0,
2019-01-24,HINDUNILVR,BUY,1576.67,"40,982",,0,
2019-01-24,PFIZER,BUY,2385.52,"21,272",,0,
2019-01-24,BAJAJFINSV,BUY,639.44,"24,566",,0,
2019-01-24,RELIANCE,BUY,604.69,"27,612",,0,
2019-07-09,MERCK,SELL,nan,"23,894","6,068",355,STCG
2019-07-30,ABBOTINDIA,SELL,7983.48,"45,338","1,325",187,STCG
2019-07-30,BAJAJFINSV,SELL,706.61,"27,147","2,581",187,STCG
2019-07-30,BRITANNIA,SELL,2324.61,"31,690","-6,742",376,LTCG
2019-07-30,HINDUNILVR,SELL,1552.33,"40,349",-633,187,STCG
2019-07-30,IPCALAB,SELL,467.82,"15,092","2,756",187,STCG
2019-07-30,JUBLFOOD,SELL,235.59,"18,786","-3,361",376,LTCG
2019-07-30,LTI,SELL,1511.15,"23,705","-3,304",376,LTCG
2019-07-30,LTTS,SELL,1347.54,"23,640","-3,253",187,STCG
2019-07-30,MPHASIS,SELL,831.97,"22,475","-3,224",376,LTCG
2019-07-30,NESTLEIND,SELL,542.14,"40,441",541,187,STCG
2019-07-30,NIITTECH,SELL,1202.55,"24,939","2,067",376,LTCG
2019-07-30,RADICO,SELL,293.22,"10,113","-1,912",376,LTCG
2019-07-30,RELIANCE,SELL,572.43,"26,139","-1,473",187,STCG
2019-07-30,SANOFI,SELL,5025.77,"44,596","-2,240",187,STCG
2019-07-30,TCS,SELL,1951.14,"45,679","4,663",376,LTCG
2019-07-30,TORNTPHARM,SELL,768.35,"29,816","-3,918",187,STCG
2019-07-30,UNIVCABLES,SELL,142.59,"8,688","-5,869",187,STCG
2019-07-30,VIPIND,SELL,378.95,"13,730",-793,376,LTCG
2019-07-30,PFIZER,BUY,2802.77,"5,690",,0,
2019-07-30,BALRAMCHIN,BUY,137.05,"29,056",,0,
2019-07-30,VINATIORGA,BUY,927.25,"38,798",,0,
2019-07-30,SRF,BUY,523.12,"38,901",,0,
2019-07-30,ADANIPOWER,BUY,12.13,"17,030",,0,
2019-07-30,RECLTD,BUY,60.59,"25,733",,0,
2019-07-30,DHAMPURSUG,BUY,135.16,"21,216",,0,
2019-07-30,PFC,BUY,54.87,"30,661",,0,
2019-07-30,NAUKRI,BUY,435.58,"25,923",,0,
2019-07-30,UPL,BUY,538.45,"31,915",,0,
2019-07-30,MUTHOOTFIN,BUY,537.23,"28,890",,0,
2019-07-30,ICICIGI,BUY,1107.05,"31,090",,0,
2019-07-30,TRIVENI,BUY,54.93,"19,305",,0,
2019-07-30,PIIND,BUY,1077.96,"32,125",,0,
2019-07-30,RITES,BUY,89.17,"26,907",,0,
2019-07-30,INOXLEISUR,BUY,298.75,"24,751",,0,
2019-07-30,PVR,BUY,1575.45,"31,353",,0,
2019-07-30,HEIDELBERG,BUY,147.64,"24,275",,0,
2019-07-30,TITAN,BUY,1058.60,"30,114",,0,
2020-02-05,ADANIPOWER,SELL,12.40,"17,409",379,190,STCG
2020-02-05,BALRAMCHIN,SELL,149.38,"31,670","2,614",190,STCG
2020-02-05,DHAMPURSUG,SELL,166.50,"26,135","4,919",190,STCG
2020-02-05,HEIDELBERG,SELL,161.24,"26,511","2,236",190,STCG
2020-02-05,ICICIGI,SELL,1281.62,"2,401",327,190,STCG
2020-02-05,INOXLEISUR,SELL,411.65,"2,615",717,190,STCG
2020-02-05,IPCALAB,SELL,595.58,"5,979","2,140",377,LTCG
2020-02-05,MUTHOOTFIN,SELL,678.09,"36,465","7,575",190,STCG
2020-02-05,NAUKRI,SELL,584.64,"9,512","2,425",190,STCG
2020-02-05,PFC,SELL,62.13,"34,714","4,053",190,STCG
2020-02-05,PFIZER,SELL,3669.00,"7,695","2,692",377,LTCG
2020-02-05,PIIND,SELL,1504.65,"3,038",861,190,STCG
2020-02-05,PVR,SELL,2053.35,"40,864","9,511",190,STCG
2020-02-05,RECLTD,SELL,67.60,"28,709","2,976",190,STCG
2020-02-05,RITES,SELL,116.67,"5,786","1,364",190,STCG
2020-02-05,SRF,SELL,780.08,"22,939","7,556",190,STCG
2020-02-05,TITAN,SELL,1255.42,"35,712","5,599",190,STCG
2020-02-05,TRIVENI,SELL,70.11,"24,640","5,335",190,STCG
2020-02-05,UPL,SELL,504.42,"29,899","-2,017",190,STCG
2020-02-05,VINATIORGA,SELL,1029.04,"43,057","4,259",190,STCG
2020-02-05,ADANIGREEN,BUY,193.25,"30,870",,0,
2020-02-05,AAVAS,BUY,1950.85,"49,349",,0,
2020-02-05,ISEC,BUY,392.00,"25,070",,0,
2020-02-05,HDFCAMC,BUY,1404.62,"35,743",,0,
2020-02-05,NH,BUY,357.27,"40,348",,0,
2020-02-05,JKCEMENT,BUY,1356.63,"45,979",,0,
2020-02-05,RNAM,BUY,nan,"24,698",,0,
2020-02-05,BERGEPAINT,BUY,476.34,"40,887",,0,
2020-02-05,GRSE,BUY,157.06,"23,370",,0,
2020-02-05,AMBER,BUY,1576.29,"39,592",,0,
2020-02-05,CREDITACC,BUY,805.17,"33,269",,0,
2020-02-05,ABBOTINDIA,BUY,12363.79,"44,447",,0,
2020-03-06,RNAM,SELL,nan,"18,524","-6,175",30,STCG
2020-08-11,AAVAS,SELL,1395.80,"35,309","-14,041",188,STCG
2020-08-11,ABBOTINDIA,SELL,15712.53,"18,168","3,872",188,STCG
2020-08-11,ADANIGREEN,SELL,360.65,"2,211","1,026",188,STCG
2020-08-11,AMBER,SELL,1707.45,"17,290","1,328",188,STCG
2020-08-11,BERGEPAINT,SELL,444.41,"38,146","-2,741",188,STCG
2020-08-11,CREDITACC,SELL,576.23,"23,809","-9,459",188,STCG
2020-08-11,GRSE,SELL,212.01,"31,544","8,175",188,STCG
2020-08-11,HDFCAMC,SELL,1042.80,"26,536","-9,207",188,STCG
2020-08-11,ICICIGI,SELL,1293.70,"33,908","4,892",378,LTCG
2020-08-11,INOXLEISUR,SELL,235.60,"18,023","-4,831",378,LTCG
2020-08-11,IPCALAB,SELL,984.70,"10,385","6,352",565,LTCG
2020-08-11,ISEC,SELL,422.75,858,62,188,STCG
2020-08-11,JKCEMENT,SELL,1492.51,"50,584","4,605",188,STCG
2020-08-11,NAUKRI,SELL,664.47,"28,733","9,897",378,LTCG
2020-08-11,NH,SELL,325.37,"36,746","-3,602",188,STCG
2020-08-11,PFIZER,SELL,4413.92,"30,102","13,833",565,LTCG
2020-08-11,PFIZER,SELL,4413.92,"8,960","3,271",378,LTCG
2020-08-11,PIIND,SELL,1873.37,"20,277","8,609",378,LTCG
2020-08-11,RITES,SELL,95.75,"24,146","1,660",378,LTCG
2020-08-11,SRF,SELL,816.26,"36,697","13,178",378,LTCG
2020-08-11,DIXON,BUY,1600.45,"53,579",,0,
2020-08-11,GMMPFAUDLR,BUY,2159.85,"41,975",,0,
2020-08-11,IOLCP,BUY,150.38,"34,517",,0,
2020-08-11,NAVINFLUOR,BUY,2056.24,"45,608",,0,
2020-08-11,ASTEC,BUY,980.68,"33,299",,0,
2020-08-11,LAURUSLABS,BUY,206.85,"37,616",,0,
2020-08-11,MARKSANS,BUY,47.80,"27,584",,0,
2020-08-11,BALAMINES,BUY,650.31,"27,180",,0,
2020-08-11,COROMANDEL,BUY,737.44,"48,187",,0,
2020-08-11,SOLARA,BUY,953.03,"25,140",,0,
2020-08-11,ESCORTS,BUY,1082.98,"28,523",,0,
2020-08-11,BAYERCROP,BUY,5226.44,"40,010",,0,
2020-08-11,JBCHEPHARM,BUY,363.48,"35,869",,0,
2020-08-11,APLLTD,BUY,1014.97,"29,369",,0,
2021-02-10,ABBOTINDIA,SELL,13673.64,"33,345","3,194",371,LTCG
2021-02-10,ADANIGREEN,SELL,1080.45,"100,928","82,876",371,LTCG
2021-02-10,AMBER,SELL,2962.50,"44,410","20,780",371,LTCG
2021-02-10,APLLTD,SELL,877.71,"25,397","-3,972",183,STCG
2021-02-10,ASTEC,SELL,1054.86,"5,813",409,183,STCG
2021-02-10,BALAMINES,SELL,1438.45,"14,805","8,112",183,STCG
2021-02-10,BAYERCROP,SELL,4840.30,"37,054","-2,956",183,STCG
2021-02-10,COROMANDEL,SELL,733.12,"47,904",-283,183,STCG
2021-02-10,DIXON,SELL,3738.43,"44,617","25,516",183,STCG
2021-02-10,ESCORTS,SELL,1399.35,"36,856","8,332",183,STCG
2021-02-10,GMMPFAUDLR,SELL,1228.86,"23,882","-18,093",183,STCG
2021-02-10,IOLCP,SELL,133.49,"30,640","-3,877",183,STCG
2021-02-10,IPCALAB,SELL,972.17,"40,454","24,541",748,LTCG
2021-02-10,ISEC,SELL,364.94,"22,599","-1,676",371,LTCG
2021-02-10,JBCHEPHARM,SELL,509.40,"11,013","3,155",183,STCG
2021-02-10,NAVINFLUOR,SELL,2512.42,"11,115","2,018",183,STCG
2021-02-10,PIIND,SELL,2193.05,"37,193","18,911",561,LTCG
2021-02-10,LAURUSLABS,BUY,354.91,"2,449",,0,
2021-02-10,MARKSANS,BUY,57.40,"24,315",,0,
2021-02-10,SOLARA,BUY,1500.02,"5,850",,0,
2021-02-10,TANLA,BUY,643.18,"56,978",,0,
2021-02-10,INDIAMART,BUY,4542.36,"57,122",,0,
2021-02-10,RAMCOSYS,BUY,626.00,"57,668",,0,
2021-02-10,NEULANDLAB,BUY,1986.01,"40,816",,0,
2021-02-10,INTELLECT,BUY,441.01,"53,762",,0,
2021-02-10,TATAELXSI,BUY,2712.01,"49,790",,0,
2021-02-10,BSOFT,BUY,238.01,"42,847",,0,
2021-02-10,SEQUENT,BUY,246.70,"49,300",,0,
2021-02-10,IFBIND,BUY,1334.15,"36,672",,0,
2021-02-10,TATACOMM,BUY,959.01,"50,374",,0,
2021-02-10,FSL,BUY,85.74,"37,306",,0,
2021-04-01,ADANIGREEN,SELL,1160.05,"1,213","1,011",421,LTCG
2021-04-01,ASTEC,SELL,1016.62,502,18,233,STCG
2021-04-01,BALAMINES,SELL,1754.41,960,604,233,STCG
2021-04-01,BSOFT,SELL,246.91,772,28,50,STCG
2021-04-01,DIXON,SELL,3581.09,"1,339",741,233,STCG
2021-04-01,FSL,SELL,106.23,802,155,50,STCG
2021-04-01,IFBIND,SELL,1096.80,523,-113,50,STCG
2021-04-01,INDIAMART,SELL,3883.14,848,-144,50,STCG
2021-04-01,INTELLECT,SELL,720.40,"1,525",591,50,STCG
2021-04-01,JBCHEPHARM,SELL,596.27,798,311,233,STCG
2021-04-01,LAURUSLABS,SELL,360.84,"1,183",505,233,STCG
2021-04-01,MARKSANS,SELL,53.44,928,98,233,STCG
2021-04-01,NAVINFLUOR,SELL,2736.99,844,210,233,STCG
2021-04-01,NEULANDLAB,SELL,2159.56,771,62,50,STCG
2021-04-01,RAMCOSYS,SELL,570.50,912,-89,50,STCG
2021-04-01,SEQUENT,SELL,243.90,846,-10,50,STCG
2021-04-01,SOLARA,SELL,1401.74,737,236,233,STCG
2021-04-01,TANLA,SELL,796.52,"1,225",236,50,STCG
2021-04-01,TATACOMM,SELL,1046.93,955,80,50,STCG
2021-04-01,TATAELXSI,SELL,2662.73,849,-16,50,STCG
2021-08-16,ADANIGREEN,SELL,925.25,"54,733","43,302",558,LTCG
2021-08-16,ASTEC,SELL,1269.47,"35,483","8,072",370,LTCG
2021-08-16,BALAMINES,SELL,3369.02,"30,428","24,554",370,LTCG
2021-08-16,BSOFT,SELL,405.28,"8,781","3,624",187,STCG
2021-08-16,DIXON,SELL,4147.94,"87,806","53,926",370,LTCG
2021-08-16,FSL,SELL,181.47,"10,575","5,578",187,STCG
2021-08-16,IFBIND,SELL,935.30,"25,262","-10,773",187,STCG
2021-08-16,INDIAMART,SELL,3492.30,"43,154","-12,976",187,STCG
2021-08-16,INTELLECT,SELL,662.53,"43,934","14,689",187,STCG
2021-08-16,JBCHEPHARM,SELL,820.56,"62,137","34,612",370,LTCG
2021-08-16,LAURUSLABS,SELL,680.93,"47,347","32,964",370,LTCG
2021-08-16,MARKSANS,SELL,73.49,"41,126","14,373",370,LTCG
2021-08-16,MARKSANS,SELL,73.49,"31,128","6,813",187,STCG
2021-08-16,NAVINFLUOR,SELL,3625.30,"63,256","27,377",370,LTCG
2021-08-16,NEULANDLAB,SELL,1659.45,"33,513","-6,595",187,STCG
2021-08-16,RAMCOSYS,SELL,471.65,"42,694","-13,972",187,STCG
2021-08-16,SEQUENT,SELL,244.25,"47,963",-481,187,STCG
2021-08-16,SOLARA,SELL,1694.17,"43,800","19,161",370,LTCG
2021-08-16,SOLARA,SELL,1694.17,"6,607",757,187,STCG
2021-08-16,TANLA,SELL,845.38,"1,115",267,187,STCG
2021-08-16,TATACOMM,SELL,1296.28,"66,908","17,408",187,STCG
2021-08-16,TATAELXSI,BUY,4257.32,"26,677",,0,
2021-08-16,HFCL,BUY,66.03,"51,056",,0,
2021-08-16,PRINCEPIPE,BUY,645.40,"79,631",,0,
2021-08-16,PRAJIND,BUY,317.59,"56,522",,0,
2021-08-16,CGPOWER,BUY,79.72,"78,911",,0,
2021-08-16,JSWENERGY,BUY,241.04,"63,482",,0,
2021-08-16,CDSL,BUY,586.50,"72,598",,0,
2021-08-16,KPITTECH,BUY,340.15,"76,000",,0,
2021-08-16,MAGMA,BUY,nan,"58,692",,0,
2021-08-16,TATASTEEL,BUY,133.73,"73,400",,0,
2021-08-16,TATASTLBSL,BUY,99.55,"51,241",,0,
2021-08-16,RELIGARE,BUY,150.20,"38,292",,0,
2021-08-16,BEPL,BUY,112.09,"58,498",,0,
2021-08-16,RPOWER,BUY,11.00,"38,656",,0,
2021-09-16,MAGMA,SELL,nan,"44,019","-14,673",31,STCG
2021-12-14,TATASTLBSL,SELL,nan,"32,949","-18,292",120,STCG
2022-02-16,BALAMINES,SELL,2995.54,"65,675","51,417",554,LTCG
2022-02-16,BEPL,SELL,81.42,"42,494","-16,005",184,STCG
2022-02-16,BSOFT,SELL,422.60,"65,601","28,655",371,LTCG
2022-02-16,CDSL,SELL,711.73,"6,804","1,197",184,STCG
2022-02-16,CGPOWER,SELL,164.77,"68,261","35,235",184,STCG
2022-02-16,FSL,SELL,121.30,"44,791","13,129",371,LTCG
2022-02-16,HFCL,SELL,78.20,"17,375","2,704",184,STCG
2022-02-16,INTELLECT,SELL,677.56,"36,233","12,650",371,LTCG
2022-02-16,KPITTECH,SELL,580.43,"49,322","20,418",184,STCG
2022-02-16,LAURUSLABS,SELL,543.57,"59,273","36,717",554,LTCG
2022-02-16,LAURUSLABS,SELL,543.57,"3,751","1,302",371,LTCG
2022-02-16,PRAJIND,SELL,361.16,"7,094",856,184,STCG
2022-02-16,PRINCEPIPE,SELL,671.87,"82,897","3,266",184,STCG
2022-02-16,RELIGARE,SELL,121.20,"30,898","-7,393",184,STCG
2022-02-16,TANLA,SELL,1577.74,"80,019","47,398",371,LTCG
2022-02-16,TATAELXSI,SELL,6765.64,"88,084","52,776",371,LTCG
2022-02-16,TATASTEEL,SELL,104.90,"57,574","-15,826",184,STCG
2022-02-16,JSWENERGY,BUY,322.82,"10,997",,0,
2022-02-16,RPOWER,BUY,14.80,"1,850",,0,
2022-02-16,BCG,BUY,85.29,"89,690",,0,
2022-02-16,TTML,BUY,147.00,"84,575",,0,
2022-02-16,FLUOROCHEM,BUY,2792.03,"97,205",,0,
2022-02-16,TRIDENT,BUY,56.14,"88,277",,0,
2022-02-16,OLECTRA,BUY,777.80,"90,775",,0,
2022-02-16,BSE,BUY,237.53,"78,619",,0,
2022-02-16,ATGL,BUY,1686.19,"99,418",,0,
2022-02-16,JPPOWER,BUY,8.50,"44,516",,0,
2022-02-16,TRIVENI,BUY,269.99,"57,880",,0,
2022-02-16,GREENPANEL,BUY,456.39,"73,382",,0,
2022-02-16,DWARKESH,BUY,88.85,"61,613",,0,
2022-04-01,ATGL,SELL,2249.29,"5,075","1,270",44,STCG
2022-04-01,BCG,SELL,102.15,"4,111",678,44,STCG
2022-04-01,BSE,SELL,297.75,"3,771",763,44,STCG
2022-04-01,CDSL,SELL,717.94,"3,138",575,228,STCG
2022-04-01,CGPOWER,SELL,186.06,"4,098","2,342",228,STCG
2022-04-01,DWARKESH,SELL,121.71,"3,230",872,44,STCG
2022-04-01,FLUOROCHEM,SELL,2785.88,"3,712",-8,44,STCG
2022-04-01,GREENPANEL,SELL,572.55,"3,523",715,44,STCG
2022-04-01,HFCL,SELL,80.90,"1,706",313,228,STCG
2022-04-01,JPPOWER,SELL,7.00,"1,403",-301,44,STCG
2022-04-01,JSWENERGY,SELL,301.37,"3,430",687,228,STCG
2022-04-01,KPITTECH,SELL,596.01,"3,158","1,356",228,STCG
2022-04-01,OLECTRA,SELL,687.75,"3,072",-402,44,STCG
2022-04-01,PRAJIND,SELL,379.92,"2,302",378,228,STCG
2022-04-01,RPOWER,SELL,14.15,"1,971",439,228,STCG
2022-04-01,TANLA,SELL,1383.89,"1,854",992,415,LTCG
2022-04-01,TATAELXSI,SELL,8616.24,"3,722","2,550",415,LTCG
2022-04-01,TRIDENT,SELL,52.61,"3,166",-212,44,STCG
2022-04-01,TRIVENI,SELL,310.50,"2,547",332,44,STCG
2022-04-01,TTML,SELL,175.00,"3,853",616,44,STCG
2022-08-22,ATGL,SELL,3364.30,"112,090","55,910",187,STCG
2022-08-22,BCG,SELL,46.50,"47,028","-39,230",187,STCG
2022-08-22,BSE,SELL,205.75,"65,494","-10,116",187,STCG
2022-08-22,CDSL,SELL,565.69,"62,142","-2,285",371,LTCG
2022-08-22,CGPOWER,SELL,227.11,"13,590","8,820",371,LTCG
2022-08-22,DWARKESH,SELL,93.86,"62,596","3,340",187,STCG
2022-08-22,FLUOROCHEM,SELL,3393.77,"34,740","6,160",187,STCG
2022-08-22,GREENPANEL,SELL,435.53,"9,595",-459,187,STCG
2022-08-22,HFCL,SELL,71.11,"37,683","2,691",371,LTCG
2022-08-22,JPPOWER,SELL,7.65,"38,531","-4,281",187,STCG
2022-08-22,JSWENERGY,SELL,299.00,"75,344","14,605",371,LTCG
2022-08-22,JSWENERGY,SELL,299.00,"10,186",-811,187,STCG
2022-08-22,KPITTECH,SELL,550.23,"73,269","27,975",371,LTCG
2022-08-22,OLECTRA,SELL,610.50,"16,848","-4,617",187,STCG
2022-08-22,PRAJIND,SELL,363.19,"55,302","6,943",371,LTCG
2022-08-22,RPOWER,SELL,15.65,"52,817","15,693",371,LTCG
2022-08-22,RPOWER,SELL,15.65,"1,956",106,187,STCG
2022-08-22,TANLA,SELL,669.97,"22,560",902,558,LTCG
2022-08-22,TATAELXSI,SELL,9511.20,"37,665","26,926",558,LTCG
2022-08-22,TRIDENT,SELL,36.84,"55,711","-29,189",187,STCG
2022-08-22,TRIVENI,SELL,219.88,"45,334","-10,331",187,STCG
2022-08-22,TTML,SELL,101.50,"16,789","-7,526",187,STCG
2022-08-22,ADANITRANS,BUY,3486.40,"94,446",,0,
2022-08-22,ADANIPOWER,BUY,86.50,"70,762",,0,
2022-08-22,SCHAEFFLER,BUY,2884.34,"98,507",,0,
2022-08-22,CHENNPETRO,BUY,248.60,"47,204",,0,
2022-08-22,HAL,BUY,1063.37,"95,306",,0,
2022-08-22,GMDCLTD,BUY,153.58,"50,181",,0,
2022-08-22,ADANIGREEN,BUY,2519.75,"53,204",,0,
2022-08-22,VBL,BUY,183.37,"90,493",,0,
2022-08-22,TIMKEN,BUY,2875.13,"76,286",,0,
2022-08-22,BDL,BUY,389.98,"51,833",,0,
2022-08-22,HSCL,BUY,97.23,"52,399",,0,
2022-08-22,TVSMOTOR,BUY,921.62,"102,265",,0,
2022-08-22,FINEORG,BUY,6064.55,"59,599",,0,
2023-02-21,ADANIGREEN,SELL,567.40,"11,981","-41,223",183,STCG
2023-02-21,ADANIPOWER,SELL,34.20,"27,978","-42,785",183,STCG
2023-02-21,ADANITRANS,SELL,830.70,"22,504","-71,942",183,STCG
2023-02-21,ATGL,SELL,876.80,"20,505","-18,929",370,LTCG
2023-02-21,BDL,SELL,459.83,"6,929","1,053",183,STCG
2023-02-21,CGPOWER,SELL,316.01,"71,005","53,093",554,LTCG
2023-02-21,FINEORG,SELL,4989.85,"49,038","-10,562",183,STCG
2023-02-21,FLUOROCHEM,SELL,3047.53,"70,844","5,940",370,LTCG
2023-02-21,GMDCLTD,SELL,130.35,"42,591","-7,591",183,STCG
2023-02-21,GREENPANEL,SELL,282.99,"37,527","-22,993",370,LTCG
2023-02-21,HAL,SELL,1259.95,"39,255","6,125",183,STCG
2023-02-21,HSCL,SELL,87.74,"47,286","-5,113",183,STCG
2023-02-21,OLECTRA,SELL,399.00,"33,773","-32,064",370,LTCG
2023-02-21,SCHAEFFLER,SELL,2894.12,"47,929",162,183,STCG
2023-02-21,TATAELXSI,SELL,6472.90,"4,072","2,366",741,LTCG
2023-02-21,TATAELXSI,SELL,6472.90,"40,560","13,883",554,LTCG
2023-02-21,TIMKEN,SELL,3020.72,"80,149","3,863",183,STCG
2023-02-21,TTML,SELL,59.70,"23,158","-33,865",370,LTCG
2023-02-21,TVSMOTOR,SELL,1112.85,"57,233","9,834",183,STCG
2023-02-21,VBL,SELL,264.06,"76,308","23,319",183,STCG
2023-02-21,CHENNPETRO,BUY,210.09,"10,495",,0,
2023-02-21,APARINDS,BUY,2236.88,"53,657",,0,
2023-02-21,KTKBANK,BUY,130.95,"56,541",,0,
2023-02-21,UCOBANK,BUY,23.84,"49,101",,0,
2023-02-21,MAZDOCK,BUY,362.61,"47,963",,0,
2023-02-21,RVNL,BUY,62.85,"52,464",,0,
2023-02-21,BLS,BUY,167.42,"49,723",,0,
2023-02-21,UJJIVAN,BUY,256.51,"61,452",,0,
2023-02-21,SOUTHBANK,BUY,16.72,"47,478",,0,
2023-02-21,MAHINDCIE,BUY,390.80,"67,240",,0,
2023-02-21,INDIANB,BUY,263.88,"63,067",,0,
2023-02-21,GESHIP,BUY,534.75,"61,188",,0,
2023-02-21,ITC,BUY,336.04,"98,282",,0,
2023-02-21,CUMMINSIND,BUY,1517.51,"88,011",,0,
2023-07-18,MAHINDCIE,SELL,nan,"65,515","-1,725",147,STCG
2023-08-28,APARINDS,SELL,4987.09,"13,835","7,630",188,STCG
2023-08-28,BDL,SELL,552.53,"65,113","19,156",371,LTCG
2023-08-28,BLS,SELL,277.68,"82,469","32,746",188,STCG
2023-08-28,CGPOWER,SELL,407.70,"109,685","88,238",742,LTCG
2023-08-28,CHENNPETRO,SELL,363.21,"68,968","21,763",371,LTCG
2023-08-28,CHENNPETRO,SELL,363.21,"18,143","7,648",188,STCG
2023-08-28,CUMMINSIND,SELL,1662.93,"96,445","8,434",188,STCG
2023-08-28,GESHIP,SELL,702.52,"80,385","19,197",188,STCG
2023-08-28,HAL,SELL,1901.84,"111,201","49,025",371,LTCG
2023-08-28,INDIANB,SELL,378.78,"90,527","27,460",188,STCG
2023-08-28,ITC,SELL,393.96,"115,222","16,940",188,STCG
2023-08-28,MAZDOCK,SELL,892.47,"24,172","14,351",188,STCG
2023-08-28,RVNL,SELL,125.70,"39,866","19,934",188,STCG
2023-08-28,SCHAEFFLER,SELL,2955.73,"51,995","1,256",371,LTCG
2023-08-28,SOUTHBANK,SELL,22.52,"1,449",373,188,STCG
2023-08-28,TVSMOTOR,SELL,1333.72,"79,401","24,534",371,LTCG
2023-08-28,UJJIVAN,SELL,482.99,"13,081","6,134",188,STCG
2023-08-28,VBL,SELL,349.21,"71,421","33,918",371,LTCG
2023-08-28,KTKBANK,BUY,215.32,"6,248",,0,
2023-08-28,UCOBANK,BUY,32.03,"9,966",,0,
2023-08-28,ZENTEC,BUY,812.51,"79,996",,0,
2023-08-28,RKFORGE,BUY,658.70,"122,426",,0,
2023-08-28,ACE,BUY,765.90,"114,298",,0,
2023-08-28,JINDALSAW,BUY,151.37,"73,919",,0,
2023-08-28,ANANTRAJ,BUY,213.65,"113,579",,0,
2023-08-28,FACT,BUY,459.69,"60,839",,0,
2023-08-28,TEXRAIL,BUY,148.14,"80,013",,0,
2023-08-28,RECLTD,BUY,216.72,"114,530",,0,
2023-08-28,PFC,BUY,195.39,"121,292",,0,
2023-08-28,HBLPOWER,BUY,282.65,"69,001",,0,
2023-08-28,USHAMART,BUY,342.96,"97,003",,0,
2023-08-28,KALYANKJIL,BUY,219.46,"73,004",,0,
2023-08-28,SUZLON,BUY,23.50,"56,919",,0,
2024-03-01,ACE,SELL,1413.24,"210,903","96,605",186,STCG
2024-03-01,ANANTRAJ,SELL,354.65,"35,747","14,212",186,STCG
2024-03-01,APARINDS,SELL,6227.08,"132,096","84,645",374,LTCG
2024-03-01,FACT,SELL,722.58,"95,632","34,793",186,STCG
2024-03-01,JINDALSAW,SELL,238.71,"116,566","42,647",186,STCG
2024-03-01,KALYANKJIL,SELL,397.39,"24,634","11,030",186,STCG
2024-03-01,KTKBANK,SELL,221.92,"95,820","39,279",374,LTCG
2024-03-01,KTKBANK,SELL,221.92,"6,439",192,186,STCG
2024-03-01,MAZDOCK,SELL,1032.91,"108,649","70,507",374,LTCG
2024-03-01,PFC,SELL,379.36,"94,810","45,978",186,STCG
2024-03-01,RECLTD,SELL,413.97,"45,958","21,898",186,STCG
2024-03-01,RKFORGE,SELL,774.50,"143,949","21,523",186,STCG
2024-03-01,RVNL,SELL,243.97,"17,877","13,272",374,LTCG
2024-03-01,SOUTHBANK,SELL,31.49,"87,393","40,991",374,LTCG
2024-03-01,UCOBANK,SELL,57.35,"118,128","69,026",374,LTCG
2024-03-01,UCOBANK,SELL,57.35,"17,844","7,878",186,STCG
2024-03-01,UJJIVAN,SELL,547.35,"116,307","61,802",374,LTCG
2024-03-01,USHAMART,SELL,317.12,"89,696","-7,308",186,STCG
2024-03-01,ZENTEC,SELL,907.82,"89,381","9,384",186,STCG
2024-03-01,HBLPOWER,BUY,525.80,"27,346",,0,
2024-03-01,SUZLON,BUY,44.30,"65,575",,0,
2024-03-01,TEXRAIL,BUY,187.85,"21,617",,0,
2024-03-01,IRFC,BUY,144.07,"123,784",,0,
2024-03-01,ELECTCAST,BUY,162.97,"162,215",,0,
2024-03-01,BSE,BUY,772.11,"157,207",,0,
2024-03-01,IFCI,BUY,45.50,"90,852",,0,
2024-03-01,OLECTRA,BUY,1962.40,"185,310",,0,
2024-03-01,HUDCO,BUY,184.47,"105,229",,0,
2024-03-01,HSCL,BUY,363.24,"140,949",,0,
2024-03-01,NBCC,BUY,88.63,"107,837",,0,
2024-03-01,IRCON,BUY,222.23,"111,521",,0,
2024-03-01,PATELENG,BUY,68.20,"129,634",,0,
2024-03-01,RAILTEL,BUY,444.80,"107,070",,0,
2024-03-01,MRPL,BUY,222.19,"103,626",,0,
2024-04-01,ANANTRAJ,SELL,324.05,"8,091","2,756",217,STCG
2024-04-01,BSE,SELL,895.52,"10,567","1,456",31,STCG
2024-04-01,ELECTCAST,SELL,178.75,"10,311",910,31,STCG
2024-04-01,HBLPOWER,SELL,458.65,"7,871","3,020",217,STCG
2024-04-01,HSCL,SELL,315.30,"7,090","-1,078",31,STCG
2024-04-01,HUDCO,SELL,192.18,"6,353",255,31,STCG
2024-04-01,IFCI,SELL,41.60,"4,814",-451,31,STCG
2024-04-01,IRCON,SELL,221.93,"6,454",-9,31,STCG
2024-04-01,IRFC,SELL,141.53,"7,047",-127,31,STCG
2024-04-01,KALYANKJIL,SELL,423.71,"6,646","3,204",217,STCG
2024-04-01,MRPL,SELL,221.81,"5,995",-10,31,STCG
2024-04-01,NBCC,SELL,83.20,"5,866",-383,31,STCG
2024-04-01,OLECTRA,SELL,1914.95,"10,480",-260,31,STCG
2024-04-01,PATELENG,SELL,60.30,"6,642",-870,31,STCG
2024-04-01,PFC,SELL,371.18,"7,977","3,778",217,STCG
2024-04-01,RAILTEL,SELL,387.48,"5,405",-800,31,STCG
2024-04-01,RECLTD,SELL,419.01,"10,137","4,894",217,STCG
2024-04-01,RVNL,SELL,259.38,"6,680","5,061",405,LTCG
2024-04-01,SUZLON,SELL,41.35,"9,351","4,037",217,STCG
2024-04-01,TEXRAIL,SELL,172.20,"6,538",913,217,STCG
2024-09-09,ANANTRAJ,SELL,608.60,"112,851","73,235",378,LTCG
2024-09-09,BSE,SELL,941.96,"89,942","16,218",192,STCG
2024-09-09,ELECTCAST,SELL,218.44,"83,428","21,185",192,STCG
2024-09-09,HBLPOWER,SELL,601.80,"136,584","72,434",378,LTCG
2024-09-09,HBLPOWER,SELL,601.80,"31,299","3,953",192,STCG
2024-09-09,HSCL,SELL,529.58,"193,586","60,805",192,STCG
2024-09-09,HUDCO,SELL,240.97,"16,297","3,821",192,STCG
2024-09-09,IFCI,SELL,68.48,"5,933","1,991",192,STCG
2024-09-09,IRCON,SELL,236.12,"111,628","6,570",192,STCG
2024-09-09,MRPL,SELL,185.84,"81,648","-15,973",192,STCG
2024-09-09,OLECTRA,SELL,1530.65,"136,163","-38,407",192,STCG
2024-09-09,PATELENG,SELL,59.10,"105,826","-16,295",192,STCG
2024-09-09,PFC,SELL,489.60,"171,047","102,786",378,LTCG
2024-09-09,RAILTEL,SELL,469.65,"106,499","5,634",192,STCG
2024-09-09,RECLTD,SELL,545.26,"214,429","129,202",378,LTCG
2024-09-09,RVNL,SELL,557.80,"89,328","79,263",566,LTCG
2024-09-09,SUZLON,SELL,74.34,"81,505","55,740",378,LTCG
2024-09-09,TEXRAIL,SELL,224.59,"112,776","38,388",378,LTCG
2024-09-09,TEXRAIL,SELL,224.59,"25,845","4,228",192,STCG
2024-09-09,IRFC,BUY,165.16,"15,909",,0,
2024-09-09,KALYANKJIL,BUY,640.73,"51,085",,0,
2024-09-09,NBCC,BUY,115.78,914,,0,
2024-09-09,INOXWIND,BUY,234.06,"155,465",,0,
2024-09-09,OIL,BUY,602.50,"182,973",,0,
2024-09-09,ZOMATO,BUY,263.20,"207,360",,0,
2024-09-09,COCHINSHIP,BUY,1797.13,"107,772",,0,
2024-09-09,OFSS,BUY,10131.36,"208,002",,0,
2024-09-09,PCBL,BUY,461.34,"151,371",,0,
2024-09-09,MCX,BUY,1046.88,"168,864",,0,
2024-09-09,GLENMARK,BUY,1697.60,"238,759",,0,
2024-09-09,BAJAJ-AUTO,BUY,10432.65,"259,072",,0,
2024-09-09,DIXON,BUY,12391.50,"149,381",,0,
2025-03-11,ANANTRAJ,SELL,512.80,"113,033","65,940",561,LTCG
2025-03-11,BAJAJ-AUTO,SELL,7213.06,"179,120","-79,952",183,STCG
2025-03-11,BSE,SELL,1265.92,"39,310","15,334",375,LTCG
2025-03-11,COCHINSHIP,SELL,1265.13,"75,868","-31,904",183,STCG
2025-03-11,DIXON,SELL,13292.98,"32,758","2,222",183,STCG
2025-03-11,ELECTCAST,SELL,97.51,"54,189","-36,382",375,LTCG
2025-03-11,GLENMARK,SELL,1396.77,"51,546","-11,101",183,STCG
2025-03-11,HUDCO,SELL,176.96,"83,124","-3,530",375,LTCG
2025-03-11,IFCI,SELL,42.15,"75,633","-6,011",375,LTCG
2025-03-11,INOXWIND,SELL,164.59,"109,323","-46,143",183,STCG
2025-03-11,IRFC,SELL,117.06,"94,747","-21,863",375,LTCG
2025-03-11,IRFC,SELL,117.06,"11,275","-4,634",183,STCG
2025-03-11,KALYANKJIL,SELL,420.27,"107,157","51,200",561,LTCG
2025-03-11,KALYANKJIL,SELL,420.27,"33,508","-17,577",183,STCG
2025-03-11,MCX,SELL,933.71,"150,611","-18,254",183,STCG
2025-03-11,NBCC,SELL,78.87,"90,398","-11,190",375,LTCG
2025-03-11,NBCC,SELL,78.87,623,-291,183,STCG
2025-03-11,OFSS,SELL,6987.03,"143,447","-64,555",183,STCG
2025-03-11,OIL,SELL,359.33,"109,125","-73,848",183,STCG
2025-03-11,PCBL,SELL,373.65,"122,599","-28,772",183,STCG
2025-03-11,RVNL,SELL,328.93,"85,017","68,774",749,LTCG
2025-03-11,SUZLON,SELL,53.76,"59,113","33,273",561,LTCG
2025-03-11,SUZLON,SELL,53.76,"79,578","14,003",375,LTCG
2025-03-11,ZOMATO,SELL,208.07,"163,926","-43,434",183,STCG
2025-03-11,PGEL,BUY,892.06,"129,663",,0,
2025-03-11,WOCKPHARMA,BUY,1289.10,"130,310",,0,
2025-03-11,CARTRADE,BUY,1551.20,"135,623",,0,
2025-03-11,GOLDIAM,BUY,403.85,"96,448",,0,
2025-03-11,LLOYDSME,BUY,1143.45,"146,913",,0,
2025-03-11,DEEPAKFERT,BUY,1107.47,"108,741",,0,
2025-03-11,MUTHOOTFIN,BUY,2140.09,"192,658",,0,
2025-03-11,MAZDOCK,BUY,2239.47,"113,773",,0,
2025-03-11,GRWRHITECH,BUY,3935.33,"87,864",,0,
2025-03-11,COROMANDEL,BUY,1715.38,"188,174",,0,
2025-03-11,AMBER,BUY,6414.20,"81,272",,0,
2025-03-11,POWERINDIA,BUY,12166.07,"86,089",,0,
2025-03-11,GRAVITA,BUY,1647.44,"91,279",,0,
2025-03-11,GREAVESCOT,BUY,220.85,"74,994",,0,
2025-03-11,FSL,BUY,324.27,"103,580",,0,
2025-03-11,BHARTIARTL,BUY,1649.16,"192,658",,0,
2025-03-11,PAYTM,BUY,713.35,"94,896",,0,
2025-04-01,AMBER,SELL,6879.55,"1,618",109,21,STCG
2025-04-01,BHARTIARTL,SELL,1709.86,"3,707",132,21,STCG
2025-04-01,BSE,SELL,1816.27,"2,200","1,265",396,LTCG
2025-04-01,CARTRADE,SELL,1596.20,"2,590",73,21,STCG
2025-04-01,COROMANDEL,SELL,2035.86,"4,145",652,21,STCG
2025-04-01,DEEPAKFERT,SELL,1094.11,"1,994",-24,21,STCG
2025-04-01,DIXON,SELL,12918.15,"2,299",94,204,STCG
2025-04-01,FSL,SELL,327.06,"1,939",17,21,STCG
2025-04-01,GLENMARK,SELL,1505.51,"2,898",-370,204,STCG
2025-04-01,GOLDIAM,SELL,375.79,"1,666",-124,21,STCG
2025-04-01,GRAVITA,SELL,1757.92,"1,808",114,21,STCG
2025-04-01,GREAVESCOT,SELL,210.98,"1,330",-62,21,STCG
2025-04-01,GRWRHITECH,SELL,3819.09,"1,582",-48,21,STCG
2025-04-01,LLOYDSME,SELL,1276.85,"3,045",318,21,STCG
2025-04-01,MAZDOCK,SELL,2559.71,"2,413",302,21,STCG
2025-04-01,MUTHOOTFIN,SELL,2291.15,"3,828",252,21,STCG
2025-04-01,PAYTM,SELL,801.10,"1,978",217,21,STCG
2025-04-01,PGEL,SELL,901.20,"2,431",25,21,STCG
2025-04-01,POWERINDIA,SELL,12276.99,"1,612",15,21,STCG
2025-04-01,WOCKPHARMA,SELL,1447.90,"2,716",298,21,STCG
2025-09-15,BHARTIARTL,SELL,1904.50,"218,358","29,275",188,STCG
2025-09-15,BSE,SELL,2227.40,"43,107","28,164",563,LTCG
2025-09-15,CARTRADE,SELL,2316.90,"73,800","24,390",188,STCG
2025-09-15,COROMANDEL,SELL,2206.30,"237,536","52,854",188,STCG
2025-09-15,DEEPAKFERT,SELL,1407.90,"135,674","28,951",188,STCG
2025-09-15,DIXON,SELL,17977.00,"61,001","18,953",371,LTCG
2025-09-15,FSL,SELL,359.99,"112,856","11,198",188,STCG
2025-09-15,GLENMARK,SELL,2096.82,"95,076","18,102",371,LTCG
2025-09-15,GOLDIAM,SELL,392.87,"92,086","-2,572",188,STCG
2025-09-15,GRAVITA,SELL,1662.90,"90,426",841,188,STCG
2025-09-15,GREAVESCOT,SELL,223.12,"74,360",758,188,STCG
2025-09-15,GRWRHITECH,SELL,3320.74,"72,766","-13,467",188,STCG
2025-09-15,LLOYDSME,SELL,1322.40,"44,636","6,040",188,STCG
2025-09-15,MAZDOCK,SELL,2906.81,"144,936","33,274",188,STCG
2025-09-15,MUTHOOTFIN,SELL,2912.37,"129,887","34,443",188,STCG
2025-09-15,PGEL,SELL,572.95,"81,734","-45,523",188,STCG
2025-09-15,POWERINDIA,SELL,20180.00,"9,522","3,781",188,STCG
2025-09-15,WOCKPHARMA,SELL,1513.20,"150,124","22,233",188,STCG
2025-09-15,AMBER,BUY,8080.00,"8,431",,0,
2025-09-15,PAYTM,BUY,1228.00,"14,610",,0,
2025-09-15,FORCEMOT,BUY,18780.00,"118,380",,0,
2025-09-15,CHOICEIN,BUY,822.10,"235,639",,0,
2025-09-15,FORTIS,BUY,977.65,"235,639",,0,
2025-09-15,APOLLO,BUY,329.65,"104,095",,0,
2025-09-15,LAURUSLABS,BUY,894.11,"219,436",,0,
2025-09-15,SYRMA,BUY,801.32,"133,295",,0,
2025-09-15,PARADEEP,BUY,167.24,"110,969",,0,
2025-09-15,MFSL,BUY,1581.20,"233,475",,0,
2025-09-15,JKCEMENT,BUY,6475.00,"186,891",,0,
2025-09-15,ASTERDM,BUY,615.11,"160,901",,0,
2025-09-15,TI,BUY,464.55,"96,876",,0,
2026-03-19,AMBER,SELL,6677.00,"83,032","3,268",373,LTCG
2026-03-19,AMBER,SELL,6677.00,"6,967","-1,464",185,STCG
2026-03-19,APOLLO,SELL,196.37,"62,009","-42,086",185,STCG
2026-03-19,ASTERDM,SELL,633.43,"165,693","4,792",185,STCG
2026-03-19,BSE,SELL,2895.00,"4,088","2,997",748,LTCG
2026-03-19,CARTRADE,SELL,1641.70,"88,579","4,883",373,LTCG
2026-03-19,CHOICEIN,SELL,614.50,"176,135","-59,505",185,STCG
2026-03-19,DIXON,SELL,10194.00,"61,363","-13,228",556,LTCG
2026-03-19,FORCEMOT,SELL,20720.00,"4,629",433,185,STCG
2026-03-19,FORTIS,SELL,818.35,"197,244","-38,395",185,STCG
2026-03-19,GLENMARK,SELL,2097.50,"118,453","22,584",556,LTCG
2026-03-19,JKCEMENT,SELL,5001.00,"144,346","-42,545",185,STCG
2026-03-19,LAURUSLABS,SELL,943.96,"92,158","4,867",185,STCG
2026-03-19,LLOYDSME,SELL,1185.40,"109,465","3,874",373,LTCG
2026-03-19,MFSL,SELL,1627.90,"65,794","1,887",185,STCG
2026-03-19,MUTHOOTFIN,SELL,3278.68,"143,455","49,818",373,LTCG
2026-03-19,PARADEEP,SELL,113.13,"75,065","-35,904",185,STCG
2026-03-19,PAYTM,SELL,1041.80,"136,017","42,882",373,LTCG
2026-03-19,PAYTM,SELL,1041.80,"12,395","-2,215",185,STCG
2026-03-19,POWERINDIA,SELL,24650.00,"72,381","36,657",373,LTCG
2026-03-19,SYRMA,SELL,757.90,"32,704","-1,873",185,STCG
2026-03-19,TI,SELL,434.95,"90,703","-6,173",185,STCG
2026-03-19,MCX,BUY,2530.40,"179,335",,0,
2026-03-19,MTARTECH,BUY,3492.50,"138,812",,0,
2026-03-19,SBC,BUY,31.66,"214,039",,0,
2026-03-19,GVT&D,BUY,3761.80,"153,087",,0,
2026-03-19,PFOCUS,BUY,256.15,"120,387",,0,
2026-03-19,TDPOWERSYS,BUY,833.50,"129,042",,0,
2026-03-19,HINDCOPPER,BUY,470.50,"85,898",,0,
2026-03-19,ABCAPITAL,BUY,312.30,"198,854",,0,
2026-03-19,NATIONALUM,BUY,375.13,"123,888",,0,
2026-03-19,ASHOKLEY,BUY,165.74,"166,745",,0,
2026-03-19,LTF,BUY,254.03,"153,585",,0,
2026-03-19,TFCILTD,BUY,65.16,"82,885",,0,
2026-03-19,JAYNECOIND,BUY,70.15,"97,010",,0,
2026-03-19,GMDCLTD,BUY,534.15,"89,612",,0,
2026-04-01,ABCAPITAL,SELL,302.90,"1,694",-53,13,STCG
2026-04-01,ASHOKLEY,SELL,146.61,"1,295",-169,13,STCG
2026-04-01,BSE,SELL,2867.60,"1,090",797,761,LTCG
2026-04-01,FORCEMOT,SELL,20733.00,"1,107",104,198,STCG
2026-04-01,GMDCLTD,SELL,580.30,855,68,13,STCG
2026-04-01,GVT&D,SELL,3798.70,"1,358",13,13,STCG
2026-04-01,HINDCOPPER,SELL,496.00,795,41,13,STCG
2026-04-01,JAYNECOIND,SELL,75.01,911,59,13,STCG
2026-04-01,LAURUSLABS,SELL,1037.77,"1,347",186,198,STCG
2026-04-01,LTF,SELL,242.15,"1,286",-63,13,STCG
2026-04-01,MCX,SELL,2469.70,"1,537",-38,13,STCG
2026-04-01,MFSL,SELL,1477.40,"1,391",-98,198,STCG
2026-04-01,MTARTECH,SELL,3603.60,"1,258",39,13,STCG
2026-04-01,NATIONALUM,SELL,397.47,"1,153",65,13,STCG
2026-04-01,PFOCUS,SELL,337.30,"1,392",335,13,STCG
2026-04-01,POWERINDIA,SELL,25065.00,778,401,386,LTCG
2026-04-01,SBC,SELL,30.24,"1,795",-84,13,STCG
2026-04-01,SYRMA,SELL,797.60,863,-4,198,STCG
2026-04-01,TDPOWERSYS,SELL,862.60,"1,173",40,13,STCG
2026-04-01,TFCILTD,SELL,65.75,734,7,13,STCG
